{
  "prepare_queue": {
    "installed": [],
    "uninstalled": []
  },
  "config_munge": {
    "files": {
      "res/xml/config.xml": {
        "parents": {
          "/*": [
            {
              "xml": "<feature name=\"Keyboard\"><param name=\"android-package\" value=\"com.ionic.keyboard.IonicKeyboard\" /><param name=\"onload\" value=\"true\" /></feature>",
              "count": 1
            },
            {
              "xml": "<feature name=\"Camera\"><param name=\"android-package\" value=\"org.apache.cordova.camera.CameraLauncher\" /></feature>",
              "count": 1
            },
            {
              "xml": "<feature name=\"Device\"><param name=\"android-package\" value=\"org.apache.cordova.device.Device\" /></feature>",
              "count": 1
            },
            {
              "xml": "<feature name=\"SplashScreen\"><param name=\"android-package\" value=\"org.apache.cordova.splashscreen.SplashScreen\" /><param name=\"onload\" value=\"true\" /></feature>",
              "count": 1
            },
            {
              "xml": "<feature name=\"Whitelist\"><param name=\"android-package\" value=\"org.apache.cordova.whitelist.WhitelistPlugin\" /><param name=\"onload\" value=\"true\" /></feature>",
              "count": 1
            }
          ]
        }
      },
      "AndroidManifest.xml": {
        "parents": {
          "/*": [
            {
              "xml": "<uses-permission android:name=\"android.permission.WRITE_EXTERNAL_STORAGE\" />",
              "count": 1
            }
          ]
        }
      }
    }
  },
  "installed_plugins": {
    "com.ionic.keyboard": {
      "PACKAGE_NAME": "com.ionicframework.imageapp310477"
    },
    "cordova-plugin-camera": {
      "PACKAGE_NAME": "com.ionicframework.imageapp310477"
    },
    "cordova-plugin-console": {
      "PACKAGE_NAME": "com.ionicframework.imageapp310477"
    },
    "cordova-plugin-device": {
      "PACKAGE_NAME": "com.ionicframework.imageapp310477"
    },
    "cordova-plugin-splashscreen": {
      "PACKAGE_NAME": "com.ionicframework.imageapp310477"
    },
    "cordova-plugin-whitelist": {
      "PACKAGE_NAME": "com.ionicframework.imageapp310477"
    }
  },
  "dependent_plugins": {},
  "modules": [
    {
      "id": "com.ionic.keyboard.keyboard",
      "file": "plugins/com.ionic.keyboard/www/keyboard.js",
      "pluginId": "com.ionic.keyboard",
      "clobbers": [
        "cordova.plugins.Keyboard"
      ]
    },
    {
      "id": "cordova-plugin-camera.Camera",
      "file": "plugins/cordova-plugin-camera/www/CameraConstants.js",
      "pluginId": "cordova-plugin-camera",
      "clobbers": [
        "Camera"
      ]
    },
    {
      "id": "cordova-plugin-camera.CameraPopoverOptions",
      "file": "plugins/cordova-plugin-camera/www/CameraPopoverOptions.js",
      "pluginId": "cordova-plugin-camera",
      "clobbers": [
        "CameraPopoverOptions"
      ]
    },
    {
      "id": "cordova-plugin-camera.camera",
      "file": "plugins/cordova-plugin-camera/www/Camera.js",
      "pluginId": "cordova-plugin-camera",
      "clobbers": [
        "navigator.camera"
      ]
    },
    {
      "id": "cordova-plugin-camera.CameraPopoverHandle",
      "file": "plugins/cordova-plugin-camera/www/CameraPopoverHandle.js",
      "pluginId": "cordova-plugin-camera",
      "clobbers": [
        "CameraPopoverHandle"
      ]
    },
    {
      "id": "cordova-plugin-console.logger",
      "file": "plugins/cordova-plugin-console/www/logger.js",
      "pluginId": "cordova-plugin-console",
      "clobbers": [
        "cordova.logger"
      ]
    },
    {
      "id": "cordova-plugin-console.console",
      "file": "plugins/cordova-plugin-console/www/console-via-logger.js",
      "pluginId": "cordova-plugin-console",
      "clobbers": [
        "console"
      ]
    },
    {
      "id": "cordova-plugin-device.device",
      "file": "plugins/cordova-plugin-device/www/device.js",
      "pluginId": "cordova-plugin-device",
      "clobbers": [
        "device"
      ]
    },
    {
      "id": "cordova-plugin-splashscreen.SplashScreen",
      "file": "plugins/cordova-plugin-splashscreen/www/splashscreen.js",
      "pluginId": "cordova-plugin-splashscreen",
      "clobbers": [
        "navigator.splashscreen"
      ]
    }
  ],
  "plugin_metadata": {
    "com.ionic.keyboard": "1.0.4",
    "cordova-plugin-camera": "2.1.1",
    "cordova-plugin-console": "1.0.1",
    "cordova-plugin-device": "1.0.1",
    "cordova-plugin-splashscreen": "2.1.0",
    "cordova-plugin-whitelist": "1.2.2"
  }
}